barge_id,capacity,initial_position,speed,service_id
B1,164,A,13.945661720481908,S5
B2,54,D,14.76529693234193,S4
B3,129,D,11.002419990750859,S5
B4,71,B,10.52684569616232,S2
B5,107,B,9.263728322826408,S3
B6,98,C,10.949463311586303,S4
B7,200,A,11.805967334802592,S1
B8,88,D,8.13011933817584,S3
