barge_id,capacity,initial_position,speed,service_id
B1,147,C,12.017756079527727,S2
B2,67,B,14.96275270990294,S2
B3,97,C,13.22394836158443,S1
B4,63,B,11.029840510231407,S2
B5,198,A,14.470087020882017,S3
