origin,destination,distance,travel_time
A,B,53.279977557223646,5.327997755722365
A,C,14.79727817525914,1.4797278175259139
B,A,30.048560409665637,3.0048560409665637
B,C,58.52441810457439,5.852441810457439
C,A,17.814019761814436,1.7814019761814435
C,B,97.49313263224,9.749313263224
