 {
  "sim_data": {
    "row_count": 6,
    "summary": {
      "periode": {
        "count": 6.0,
        "mean": 1.5,
        "std": 0.5477225575051661,
        "min": 1.0,
        "25%": 1.0,
        "50%": 1.5,
        "75%": 2.0,
        "max": 2.0
      },
      "capacite": {
        "count": 6.0,
        "mean": 116.66666666666667,
        "std": 25.819888974716115,
        "min": 100.0,
        "25%": 100.0,
        "50%": 100.0,
        "75%": 137.5,
        "max": 150.0
      },
      "cap_resid": {
        "count": 6.0,
        "mean": 90.83333333333333,
        "std": 17.440374613713622,
        "min": 70.0,
        "25%": 81.25,
        "50%": 87.5,
        "75%": 97.5,
        "max": 120.0
      },
      "volume": {
        "count": 6.0,
        "mean": 25.833333333333332,
        "std": 14.288690166235206,
        "min": 10.0,
        "25%": 16.25,
        "50%": 25.0,
        "75%": 30.0,
        "max": 50.0
      }
    },
    "capacity_usage": 22.142857142857142,
    "unique_services": 2,
    "unique_legs": 3,
    "periods": {
      "min": 1,
      "max": 2,
      "count": 2
    }
  },
  "reservation_data": {
    "row_count": 5,
    "summary": {
      "t_resa": {
        "count": 5.0,
        "mean": 1.8,
        "std": 0.8366600265340756,
        "min": 1.0,
        "25%": 1.0,
        "50%": 2.0,
        "75%": 2.0,
        "max": 3.0
      },
      "t_avl": {
        "count": 5.0,
        "mean": 5.0,
        "std": 3.6742346141747673,
        "min": 1.0,
        "25%": 2.0,
        "50%": 5.0,
        "75%": 7.0,
        "max": 10.0
      },
      "t_due": {
        "count": 5.0,
        "mean": 10.6,
        "std": 7.021395872616783,
        "min": 3.0,
        "25%": 5.0,
        "50%": 10.0,
        "75%": 15.0,
        "max": 20.0
      },
      "vol": {
        "count": 5.0,
        "mean": 20.0,
        "std": 7.905694150420948,
        "min": 10.0,
        "25%": 15.0,
        "50%": 20.0,
        "75%": 25.0,
        "max": 30.0
      },
      "fare": {
        "count": 5.0,
        "mean": 108.0,
        "std": 27.748873851023216,
        "min": 80.0,
        "25%": 90.0,
        "50%": 100.0,
        "75%": 120.0,
        "max": 150.0
      },
      "lead_time": {
        "count": 5.0,
        "mean": 5.6,
        "std": 3.361547262794322,
        "min": 2.0,
        "25%": 3.0,
        "50%": 5.0,
        "75%": 8.0,
        "max": 10.0
      }
    },
    "decision_counts": {
      "accepted": 3,
      "rejected": 2
    },
    "origin_counts": {
      "O1": 2,
      "O2": 2,
      "O3": 1
    },
    "destination_counts": {
      "D1": 2,
      "D2": 2,
      "D3": 1
    },
    "category_counts": {
      "A": 2,
      "B": 2,
      "C": 1
    },
    "anticipation_ratio": 60.0,
    "urgency_ratio": 40.0,
    "avg_lead_time": 5.6
  }
}