barge_id,capacity,initial_position,speed,service_id
B1,104,C,14.06473550841369,S6
B2,144,A,14.325251482456366,S6
B3,87,B,12.231094414887444,S4
B4,95,A,11.119999392492515,S3
B5,137,D,10.910939188312774,S2
B6,56,E,11.724128531464544,S4
B7,140,A,14.49842089870344,S2
B8,148,E,13.316351968636322,S7
B9,189,E,14.21940189926211,S7
B10,79,C,10.156804118846377,S5
B11,102,D,13.888245376741555,S6
B12,72,C,14.133109258142653,S3
